<targettaskinfo>
  <supportmicroseconds>false</supportmicroseconds>
  <supportfreewheeling>true</supportfreewheeling>
  <supportinterval>true</supportinterval>
  <supportevent>true</supportevent>
  <supportextendedwatchdog>true</supportextendedwatchdog>
  <defaulttaskpriority>20</defaulttaskpriority>
  <mintaskpriority>0</mintaskpriority>
  <maxtaskpriority>31</maxtaskpriority>
  <priorityinfo priority="0">Highest priority IEC-Task (real-time context)</priorityinfo>
  <priorityinfo priority="1">Realtime priority IEC-Task (lowest priority: 31)</priorityinfo>
  <priorityinfo priority="2">Realtime priority IEC-Task (lowest priority: 31)</priorityinfo>
  <priorityinfo priority="3">Realtime priority IEC-Task (lowest priority: 31)</priorityinfo>
  <priorityinfo priority="4">Realtime priority IEC-Task (lowest priority: 31)</priorityinfo>
  <priorityinfo priority="5">Realtime priority IEC-Task (lowest priority: 31)</priorityinfo>
  <priorityinfo priority="6">Realtime priority IEC-Task (lowest priority: 31)</priorityinfo>
  <priorityinfo priority="7">Realtime priority IEC-Task (lowest priority: 31)</priorityinfo>
  <priorityinfo priority="8">Realtime priority IEC-Task (lowest priority: 31)</priorityinfo>
  <priorityinfo priority="9">Realtime priority IEC-Task (lowest priority: 31)</priorityinfo>
  <priorityinfo priority="10">Realtime priority IEC-Task (lowest priority: 31)</priorityinfo>
  <priorityinfo priority="11">Realtime priority IEC-Task (lowest priority: 31)</priorityinfo>
  <priorityinfo priority="12">Realtime priority IEC-Task (lowest priority: 31)</priorityinfo>
  <priorityinfo priority="13">Realtime priority IEC-Task (lowest priority: 31)</priorityinfo>
  <priorityinfo priority="14">Realtime priority IEC-Task (lowest priority: 31)</priorityinfo>
  <priorityinfo priority="15">Realtime priority IEC-Task (lowest priority: 31)</priorityinfo>
  <priorityinfo priority="16">Realtime priority IEC-Task (lowest priority: 31)</priorityinfo>
  <priorityinfo priority="17">Non-realtime priority IEC-Task (lowest priority: 31)</priorityinfo>
  <priorityinfo priority="18">Non-realtime priority IEC-Task (lowest priority: 31)</priorityinfo>
  <priorityinfo priority="19">Non-realtime priority IEC-Task (lowest priority: 31)</priorityinfo>
  <priorityinfo priority="20">Default priority IEC-Task (non-realtime, lowest priority: 31)</priorityinfo>
  <priorityinfo priority="21">Non-realtime priority IEC-Task (lowest priority: 31)</priorityinfo>
  <priorityinfo priority="22">Non-realtime priority IEC-Task (lowest priority: 31)</priorityinfo>
  <priorityinfo priority="23">Non-realtime priority IEC-Task (lowest priority: 31)</priorityinfo>
  <priorityinfo priority="24">Non-realtime priority IEC-Task (lowest priority: 31)</priorityinfo>
  <priorityinfo priority="25">Non-realtime priority IEC-Task (lowest priority: 31)</priorityinfo>
  <priorityinfo priority="26">Non-realtime priority IEC-Task (lowest priority: 31)</priorityinfo>
  <priorityinfo priority="27">Non-realtime priority IEC-Task (lowest priority: 31)</priorityinfo>
  <priorityinfo priority="28">Non-realtime priority IEC-Task (lowest priority: 31)</priorityinfo>
  <priorityinfo priority="29">Non-realtime priority IEC-Task (lowest priority: 31)</priorityinfo>
  <priorityinfo priority="30">Lowest priority IEC-Task (non-realtime, lowest priority: 31)</priorityinfo>
  <priorityinfo priority="31">Idle priority IEC-Task (non-realtime context)</priorityinfo>

  <systemevent>
    <name>start</name>
    <description>Called when program starts</description>
    <id>1</id>
    <interface>
      <![CDATA[FUNCTION systemevent: DWORD
VAR_INPUT
  dwEvent: DWORD;
  dwFilter: DWORD;
  dwOwner: DWORD;
END_VAR]]>
    </interface>
  </systemevent>

  <systemevent>
    <name>stop</name>
    <description>Called when program stops</description>
    <id>2</id>
    <interface>
      <![CDATA[FUNCTION systemevent: DWORD
VAR_INPUT
  dwEvent: DWORD;
  dwFilter: DWORD;
  dwOwner: DWORD;
END_VAR]]>
    </interface>
  </systemevent>

  <systemevent>
    <name>before_reset</name>
    <description>Called before reset takes place</description>
    <id>3</id>
    <interface>
      <![CDATA[FUNCTION systemevent: DWORD
VAR_INPUT
  dwEvent: DWORD;
  dwFilter: DWORD;
  dwOwner: DWORD;
END_VAR]]>
    </interface>
  </systemevent>

  <systemevent>
    <name>after_reset</name>
    <description>Called after reset took place</description>
    <id>4</id>
    <interface>
      <![CDATA[FUNCTION systemevent: DWORD
VAR_INPUT
  dwEvent: DWORD;
  dwFilter: DWORD;
  dwOwner: DWORD;
END_VAR]]>
    </interface>
  </systemevent>

  <systemevent>
    <name>shutdown</name>
    <description>Called before shutdown is performed</description>
    <id>5</id>
    <interface>
      <![CDATA[FUNCTION systemevent: DWORD
VAR_INPUT
  dwEvent: DWORD;
  dwFilter: DWORD;
  dwOwner: DWORD;
END_VAR]]>
    </interface>
  </systemevent>

  <systemevent>
    <name>excpt_cycletime_overflow</name>
    <description>Called when a cycletime overflow happened</description>
    <id>6</id>
    <interface>
      <![CDATA[FUNCTION systemevent: DWORD
VAR_INPUT
  dwEvent: DWORD;
  dwFilter: DWORD;
  dwOwner: DWORD;
END_VAR]]>
    </interface>
  </systemevent>

  <systemevent>
    <name>excpt_watchdog</name>
    <description>Software watchdog OF IEC-task expired</description>
    <id>7</id>
    <interface>
      <![CDATA[FUNCTION systemevent: DWORD
VAR_INPUT
  dwEvent: DWORD;
  dwFilter: DWORD;
  dwOwner: DWORD;
END_VAR]]>
    </interface>
  </systemevent>

  <systemevent>
    <name>excpt_divide_by_zero</name>
    <description>Called on a division by zero (NOT for REAL or LREAL)</description>
    <id>18</id>
    <interface>
      <![CDATA[FUNCTION systemevent: DWORD
VAR_INPUT
  dwEvent: DWORD;
  dwFilter: DWORD;
  dwOwner: DWORD;
END_VAR]]>
    </interface>
  </systemevent>

  <systemevent>
    <name>CPX_system_fault</name>
    <description>Called when a CPX system fault appears</description>
    <id>1501</id>
    <interface>
      <![CDATA[FUNCTION systemevent: DWORD
VAR_INPUT
  dwEvent: DWORD;
  dwFilter: DWORD;
  dwOwner: DWORD;
END_VAR]]>
    </interface>
  </systemevent>

  <systemevent>
    <name>CAN_error_passive</name>
    <description>Called when the CAN controller enters the ERROR PASSIVE state</description>
    <id>1502</id>
    <interface>
      <![CDATA[FUNCTION systemevent: DWORD
VAR_INPUT
  dwEvent: DWORD;
  dwFilter: DWORD;
  dwOwner: DWORD;
END_VAR]]>
    </interface>
  </systemevent>

  <systemevent>
    <name>CAN_bus_off</name>
    <description>Called when the CAN controller enters the BUS OFF state</description>
    <id>1503</id>
    <interface>
      <![CDATA[FUNCTION systemevent: DWORD
VAR_INPUT
  dwEvent: DWORD;
  dwFilter: DWORD;
  dwOwner: DWORD;
END_VAR]]>
    </interface>
  </systemevent>

</targettaskinfo>
